seq_len,label_len,pred_len,Epoch,Train Loss,Vali Loss,Test Loss,MAE Loss,SMAPE,MASE
10,5,2,1,0.05177266544734056,0.01798919402062893,0.022312588524073362,0.10961773991584778,1.1344210,2.7607551
10,5,2,2,0.03605457552923606,0.025359091814607382,0.029777431394904852,0.11771320551633835,1.2138262,2.2352300
10,5,2,3,0.03329778620256828,0.017302624881267548,0.022444024682044983,0.10427761822938919,1.2514057,2.1813347
10,5,2,4,0.030923111650806207,0.018110199365764856,0.023181416792795062,0.10157136619091034,1.4093424,2.2691514
10,5,2,5,0.02713607591935075,0.016244891565293074,0.02253084711264819,0.09243906289339066,1.1163388,1.9142225
10,5,2,6,0.024634340777993202,0.01384341111406684,0.02016675123013556,0.08529223129153252,0.6220594,1.3690975
10,5,2,7,0.026881205992629893,0.01322217145934701,0.019513297243975103,0.08291459083557129,1.0895282,1.6762439
